mean_amplitude,std_amplitude,max_amplitude,min_amplitude,range_amplitude,median_amplitude,iqr_amplitude,skewness,kurtosis,rms,zero_crossing_rate,variance,coefficient_variation,peak_to_peak,heart_rate,mean_rr,std_rr,rmssd,pnn50,cv_rr,std_r_amplitude,min_r_amplitude,lf_power,hf_power,vlf_power,total_power,lf_hf_ratio,lf_nu,hf_nu,spectral_entropy,dominant_frequency,wavelet_energy_level_0,wavelet_std_level_0,wavelet_energy_level_1,wavelet_std_level_1,wavelet_energy_level_2,wavelet_std_level_2,wavelet_energy_level_3,wavelet_std_level_3,wavelet_energy_level_4,wavelet_std_level_4,qrs_count
-7.599387548236365e-17,0.9999999999999998,3.1746091129325853,-1.9055043715446176,5.080113484477203,-0.0304884337638028,1.5949294079091432,0.4279135406383114,0.1429358855653948,0.9999999999999998,0.0106951871657754,0.9999999999999996,9999992400.618223,5.080113484477203,0,0,0,0,0,0,0,0,0.0,0.0,0.0,17484.499999999996,0.0,0.0,0.0,1.3012928288594827,1.925133689839572,178.12180494121117,3.145169984911348,13.36295157732589,0.801967021907628,20.13314540140183,0.8272869613506288,1.7537988539300269,0.1832721833857633,0.0086069399659984,0.0094193920183867,1
