mean_amplitude,std_amplitude,max_amplitude,min_amplitude,range_amplitude,median_amplitude,iqr_amplitude,skewness,kurtosis,rms,zero_crossing_rate,variance,coefficient_variation,peak_to_peak,heart_rate,mean_rr,std_rr,rmssd,pnn50,cv_rr,std_r_amplitude,min_r_amplitude,lf_power,hf_power,vlf_power,total_power,lf_hf_ratio,lf_nu,hf_nu,spectral_entropy,dominant_frequency,wavelet_energy_level_0,wavelet_std_level_0,wavelet_energy_level_1,wavelet_std_level_1,wavelet_energy_level_2,wavelet_std_level_2,wavelet_energy_level_3,wavelet_std_level_3,wavelet_energy_level_4,wavelet_std_level_4,qrs_count
7.599387548236365e-17,1.0,2.513704838197916,-2.6588686557762298,5.172573493974145,0.2597701633423078,1.4732618071768238,-0.5402043664404658,0.0441130462808589,1.0,0.0320855614973262,1.0,9999992400.618229,5.172573493974145,0,0,0,0,0,0,0,0,0.0,0.0,0.0,17484.499999999993,0.0,0.0,0.0,1.9894939340957336,1.925133689839572,256.93268233780265,3.6697999640670536,8.837464782127556,0.648510463612251,42.13695614410874,1.196601023664889,8.152912236137686,0.3947761790926606,0.0468460201312118,0.0219736099568945,1
