mean_amplitude,std_amplitude,max_amplitude,min_amplitude,range_amplitude,median_amplitude,iqr_amplitude,skewness,kurtosis,rms,zero_crossing_rate,variance,coefficient_variation,peak_to_peak,heart_rate,mean_rr,std_rr,rmssd,pnn50,cv_rr,std_r_amplitude,min_r_amplitude,lf_power,hf_power,vlf_power,total_power,lf_hf_ratio,lf_nu,hf_nu,spectral_entropy,dominant_frequency,wavelet_energy_level_0,wavelet_std_level_0,wavelet_energy_level_1,wavelet_std_level_1,wavelet_energy_level_2,wavelet_std_level_2,wavelet_energy_level_3,wavelet_std_level_3,wavelet_energy_level_4,wavelet_std_level_4,qrs_count
7.599387548236365e-17,0.9999999999999998,2.754406443405435,-2.415806586916954,5.1702130303223885,0.1619069947612291,1.369045509175208,-0.2428265513213315,0.212246124528078,0.9999999999999998,0.0106951871657754,0.9999999999999996,9999992400.618223,5.1702130303223885,0,0,0,0,0,0,0,0,0.0,0.0,0.0,17484.499999999993,0.0,0.0,0.0,1.5718110861385943,1.925133689839572,211.29655556493077,3.3728791055938294,19.389081180200066,0.9525598559201148,21.29378916020094,0.8476546466603986,3.3286489118115945,0.2523260376354327,0.0153516907634324,0.0125792135887722,1
